cluster_id,n_days,MAE,WAPE,sMAPE
0,366,17.138164680923218,0.07185730964140927,0.07058247789471311
1,366,330.7010757019659,0.08546556793547219,0.08175022917778474
2,366,147.44110901209768,0.07553991054835414,0.07919834338660019
3,366,100.31723503264642,0.06363111534699893,0.06209296765991811
__GLOBAL__,1464,148.8993961069083,0.07799573359160814,0.07340600452975404
