,pearson_r,pearson_p,spearman_rho,spearman_p,n
2022–2023,0.9944519176733994,0.0,0.9955326757705043,0.0,6065.0
2023–2024,0.9944639883877935,0.0,0.9952387560311767,0.0,6065.0
2022–2024,0.9814444330960078,0.0,0.9847284842873874,0.0,6065.0
