cluster_id,n_days,MAE,WAPE,sMAPE
0,366,15.688524590163935,0.06577922375475416,0.06465005892445999
1,366,295.53142076502735,0.07637640931420142,0.07283324100905038
2,366,137.37431693989072,0.07038229488920307,0.07513224527458767
3,366,90.85655737704919,0.057630217585331406,0.056217104785291
__GLOBAL__,1464,134.8627049180328,0.07064310453400503,0.06720816249834725
