cluster_id,forecast_sum
0,84607.69985697987
1,1359681.920690945
2,688421.9796909183
3,559510.6094441981
TOTAL,2692222.209683041
