item_id,supplier_id,precio,lead_time,moq,multiplo
3305,"Biotech Usa, SL",7.141229178590609,3,0,1
4347,"Goldnutrition, SL",25.031861630159923,4,0,1
5365,"NANONEN, SL",19.554050901609195,3,0,1
6434,NASKORSPORTS,15.828173505911845,3,0,1
8061,"NATURBEST, SLU",16.976282453520852,4,10,5
