cluster,model,mae,wape,smape
0,RandomForest,0.06320784292785614,0.04001792429146425,3.655856822030831
1,RandomForest,0.13604520998930028,0.04735942560151655,4.5279873043957215
2,RandomForest,0.0874086835276035,0.0450964055297677,5.2657759445047985
3,RandomForest,0.05145926676300391,0.03561084889312701,3.1622306900533257
