model,split,MAE,WAPE_%,sMAPE_%
rf,A,0.3304105793365173,16.430322467718707,15.880698563467028
naive,A,0.575038077639399,29.29331211745502,28.99300479394283
sarimax,A,0.5766547641508711,30.060613462757324,30.399573838396684
rf,B,0.3371755531863701,16.805200884563575,16.24162116979656
naive,B,0.571412300051502,29.275884117796753,28.922919711045903
sarimax,B,0.570846687526058,29.81453589037209,30.09234550792033
